Taxon	Oral_to_Gut _transmitter
Streptococcus_anginosus	transmitter
Streptococcus_gordonii	transmitter
Streptococcus_oralis	transmitter
Streptococcus_infantis	transmitter
Bifidobacterium_dentium	transmitter
Granulicatella_adiacens	transmitter
Streptococcus_mitis	transmitter
Rothia_mucilaginosa	transmitter
Streptococcus_constellatus	transmitter
Clostridium_perfringens	NA
Schaalia_meyeri	NA
Limosilactobacillus_mucosae	NA
Lancefieldella_rimae	NA
Streptococcus_australis	transmitter
Streptococcus_cristatus	transmitter
Ligilactobacillus_salivarius	NA
Gemella_sanguinis	transmitter
Streptococcus_parasanguinis	transmitter
Granulicatella_SGB8255	NA
Limosilactobacillus_oris	NA
Clostridiaceae_bacterium	NA
Veillonella_parvula	transmitter
Lacrimispora_amygdalina	NA
Fusicatenibacter_saccharivorans	NA
Gemella_haemolysans	transmitter
Rothia_SGB49305	NA
Lancefieldella_parvula	NA
Candidatus_Saccharibacteria_unclassified_SGB19846	NA
Clostridium_SGB4750	NA
Limosilactobacillus_vaginalis	NA
Streptococcus_mutans	transmitter
Eubacterium_brachy	NA
Clostridiales_bacterium_KLE1615	NA
Gemella_morbillorum	transmitter
Roseburia_faecis	NA
Clostridium_sp_AM22_11AC	NA
Streptococcus_vestibularis	transmitter
Bacteroides_uniformis	NA
Olsenella_profusa	NA
Streptococcus_salivarius	transmitter
Ruminococcus_bicirculans	NA
Streptococcus_sanguinis	transmitter
Clostridium_sp_AF20_17LB	NA
Mogibacterium_timidum	NA
Actinomyces_SGB17132	NA
GGB1456_SGB2019	NA
Klebsiella_quasipneumoniae	NA
Eubacterium_nodatum	NA
Phascolarctobacterium_faecium	NA
Phascolarctobacterium_succinatutens	predominantly fecal
Klebsiella_pneumoniae	predominantly fecal
Anaerostipes_hadrus	NA
Fenollaria_timonensis	NA
Lactobacillus_gasseri	transmitter
Olsenella_uli	occasional transmitter
Actinomyces_oris	NA
Candidatus_Nanosynsacchari_sp_TM7_ANC_38_39_G1_1	NA
Mogibacterium_diversum	NA
Enterocloster_citroniae	NA
Clostridia_bacterium_UC5_1_1D1	NA
Actinobaculum_sp_oral_taxon_183	NA
Limosilactobacillus_fermentum	NA
Enterobacter_roggenkampii	NA
GGB3537_SGB4727	NA
Clostridium_fessum	NA
Segatella_sinensis	NA
Bacteroides_ovatus	NA
Ezakiella_SGB6726	NA
Agathobaculum_butyriciproducens	NA
Faecalibacillus_intestinalis	NA
Holdemanella_porci	NA
Lactobacillus_crispatus	NA
GGB9813_SGB15447	NA
Clostridium_sp_AF27_2AA	NA
Clostridium_sp_AM33_3	NA
Streptococcus_sinensis	NA
Scardovia_inopinata	NA
Lachnospira_pectinoschiza	NA
GGB4651_SGB6438	NA
Shuttleworthia_satelles	transmitter
Intestinibacillus_sp_Marseille_P6563	NA
GGB9667_SGB15164	NA
GGB9708_SGB15234	NA
Eubacterium_ventriosum	predominantly fecal
Bacteroides_finegoldii	predominantly fecal
Phocaeicola_dorei	NA
Candidatus_Cibionibacter_quicibialis	NA
GGB2848_SGB3813	NA
bacterium_OL_1	NA
Enterococcus_faecalis	non-transmitter
Peptostreptococcus_SGB749	NA
Prevotella_buccalis	occasional transmitter
Parabacteroides_distasonis	predominantly fecal
Actinomyces_sp_ph3	NA
Coprobacillus_cateniformis	NA
Segatella_sinica	NA
Methanosphaera_stadtmanae	predominantly fecal
Selenomonas_noxia	non-transmitter
Anaerotignum_sp_MSJ_24	NA
Blautia_wexlerae	NA
Dialister_hominis	NA
Clostridium_sp_AT4	NA
Collinsella_aerofaciens	predominantly fecal
GGB9619_SGB15067	NA
Streptococcus_intermedius	NA
GGB12798_SGB135773	NA
GGB9627_SGB15081	NA
Desulfovibrio_legallii	NA
Actinomyces_israelii	NA
GGB1495_SGB2071	NA
Porphyromonas_SGB1977	NA
Schaalia_SGB17158	NA
Alloscardovia_omnicolens	NA
Schaalia_SGB17154	NA
Abiotrophia_defectiva	occasional transmitter
Scardovia_wiggsiae	NA
GGB3444_SGB4594	NA
Solobacterium_SGB6829	NA
Prevotella_sp_885	NA
GGB3002_SGB3993	NA
GGB3550_SGB4747	NA
Olsenella_sp_oral_taxon_807	NA
Clostridium_saudiense	NA
Fusobacterium_mortiferum	NA
Eubacterium_ramulus	NA
Bilophila_wadsworthia	predominantly fecal
Limosilactobacillus_portuensis	NA
Anaeroglobus_geminatus	NA
GGB1455_SGB2018	NA
GGB4599_SGB6362	NA
Corynebacterium_durum	NA
Catenibacillus_scindens	NA
Clostridium_SGB6179	NA
Roseburia_sp_AM59_24XD	NA
GGB9342_SGB14306	NA
Senegalimassilia_anaerobia	NA
GGB9365_SGB14342	NA
Slackia_exigua	transmitter
GGB9760_SGB15374	NA
Porphyromonas_SGB1980	NA
Peptoniphilus_grossensis	NA
Segatella_hominis	NA
GGB2998_SGB3988	NA
Streptococcus_sobrinus	NA
Enterococcus_faecium	predominantly fecal
GGB9715_SGB15267	NA
GGB1661_SGB2275	NA
Schaalia_odontolytica	NA
Peptoniphilus_lacrimalis	predominantly fecal
GGB9715_SGB15260	NA
Blautia_hansenii	predominantly fecal
Citrobacter_amalonaticus	NA
GGB9425_SGB14795	NA
Megasphaera_hominis	NA
Bacteroides_congonensis	NA
Alterileibacterium_massiliense	NA
Clostridiaceae_bacterium_CLA_AA_H274	NA
Clostridiales_bacterium_Marseille_P2846	NA
GGB38873_SGB47522	NA
GGB9608_SGB15042	NA
Turicimonas_muris	NA
Bacteroides_salyersiae	NA
Megasphaera_micronuciformis	transmitter
Mediterraneibacter_massiliensis	NA
Limosilactobacillus_reuteri	NA
Holdemanella_biformis	NA
GGB3363_SGB4447	NA
Bacteroides_cellulosilyticus	NA
Clostridium_tertium	NA
Enterobacter_cloacae	predominantly fecal
GGB9469_SGB14862	NA
GGB9634_SGB15095	NA
Clostridium_sp_NSJ_6	NA
Cardiobacterium_sp_Marseille_Q4385	NA
GGB9766_SGB15383	NA
Mogibacterium_SGB3923	NA
Segatella_brunsvicensis	NA
Lawsonibacter_SGB15145	NA
Bacteroides_thetaiotaomicron	predominantly fecal
GGB3363_SGB4448	NA
Acidaminococcus_massiliensis	NA
GGB9708_SGB15233	NA
Anaerotruncus_massiliensis	NA
Haemophilus_parainfluenzae	transmitter
Oribacterium_parvum	NA
Clostridium_sp_NSJ_42	NA
Zhenhengia_yiwuensis	NA
Bacteroides_intestinalis	predominantly fecal
Cryptobacterium_curtum	NA
Lachnospiraceae_bacterium_2_1_46FAA	NA
GGB51960_SGB72480	NA
Eubacteriales_Family_XIII_Incertae_Sedis_unclassified_SGB3978	NA
GGB49418_SGB69331	NA
Slackia_SGB14781	NA
GGB13493_SGB15238	NA
GGB3828_SGB5197	NA
Enterocloster_lavalensis	NA
Rothia_aeria	NA
Peptostreptococcus_stomatis	transmitter
Fusobacterium_nucleatum	non-transmitter
Prevotella_stercorea	NA
Guopingia_tenuis	NA
Clostridium_SGB4751	NA
Streptococcus_sp_F0442	NA
GGB51647_SGB4348	NA
Colidextribacter_sp_210702_DFI_3_9	NA
Schaalia_SGB17157	NA
Clostridia_bacterium	NA
Schaalia_SGB17168	NA
Lawsonibacter_asaccharolyticus	NA
Abiotrophia_sp_HMSC24B09	NA
Lachnospira_eligens	NA
Eubacterium_saphenum	non-transmitter
Enterococcus_avium	NA
GGB3653_SGB4964	NA
Parabacteroides_acidifaciens	NA
GGB3649_SGB4958	NA
Oribacterium_SGB5287	NA
Synergistes_jonesii	NA
Eikenella_corrodens	predominantly oral
GGB3637_SGB4930	NA
Oribacterium_sp_oral_taxon_078	NA
Segatella_brasiliensis	NA
Eubacteriales_unclassified_SGB15150	NA
GGB3600_SGB4860	NA
Bacteroides_sp_GM023	NA
GGB9621_SGB15073	NA
Parascardovia_denticolens	NA
Eubacterium_callanderi	NA
Bacteroides_bouchesdurhonensis	NA
Anaerotignum_lactatifermentans	NA
Porphyromonas_sp_HMSC065F10	NA
Dialister_invisus	transmitter
Faecalibacterium_prausnitzii	predominantly fecal
Ruminococcus_torques	predominantly fecal
Brotolimicola_acetigignens	NA
GGB9590_SGB15012	NA
Klebsiella_aerogenes	NA
Clostridium_methylpentosum	predominantly fecal
Butyricicoccus_intestinisimiae	NA
Oscillibacter_hominis	NA
Massilioclostridium_coli	NA
Enorma_massiliensis	NA
Clostridium_sp_AM49_4BH	NA
GGB36331_SGB53806	NA
Eubacterium_rectale	non-transmitter
GGB9770_SGB15390	NA
Roseburia_inulinivorans	predominantly fecal
Pseudoflavonifractor_phocaeensis	NA
Bittarella_massiliensis	NA
GGB9434_SGB14812	NA
Aggregatibacter_segnis	transmitter
GGB9719_SGB53514	NA
Lachnospira_sp_NSJ_43	NA
Phocaeicola_vulgatus	NA
GGB4567_SGB6308	NA
Levyella_massiliensis	NA
Limosilactobacillus_coleohominis	NA
GGB3550_SGB4746	NA
Clostridium_paraputrificum	NA
Peptacetobacter_hiranonis	NA
Porphyromonas_somerae	NA
Peptoniphilus_gorbachii	NA
Segatella_copri	NA
Pauljensenia_hongkongensis	NA
Roseburia_intestinalis	predominantly fecal
Solobacterium_SGB6828	NA
Leuconostoc_lactis	NA
Blautia_sp_MCC283	NA
GGB52130_SGB14966	NA
Megasphaera_sp_NM10	NA
Turicibacter_sanguinis	predominantly fecal
Bacteroides_nordii	NA
Weissella_confusa	NA
Parvimonas_micra	transmitter
Enterococcus_thailandicus	NA
Clostridium_sp_1001270J_160509_D11	NA
GGB9559_SGB14969	NA
Lachnospiraceae_bacterium_AM48_27BH	NA
Clostridium_innocuum	NA
Blautia_caecimuris	NA
GGB45432_SGB63101	NA
Eubacterium_hominis	NA
Oscillibacter_valericigenes	predominantly fecal
Faecalicatena_orotica	NA
Pyramidobacter_piscolens	NA
Eubacterium_infirmum	NA
Vescimonas_coprocola	NA
Porphyromonas_bennonis	NA
Citrobacter_freundii	NA
Dorea_sp_AF36_15AT	NA
Oribacterium_asaccharolyticum	NA
Atopobium_sp_oral_taxon_199	NA
Bacteroides_fluxus	predominantly fecal
Desulfovibrio_fairfieldensis	NA
GGB9200_SGB14139	NA
GGB9357_SGB14332	NA
GGB9611_SGB15045	NA
Lachnoclostridium_sp_An131	NA
Selenomonas_felix	NA
GGB9343_SGB14307	NA
Extibacter_muris	NA
Cronobacter_sakazakii	NA
GGB1385_SGB1890	NA
GGB51111_SGB71327	NA
GGB9199_SGB14138	NA
GGB9423_SGB14792	NA
GGB9739_SGB15313	NA
Klebsiella_sp_WP3_S18_ESBL_05	NA
Veillonellaceae_bacterium	NA
GGB42389_SGB59559	NA
GGB4642_SGB6421	NA
GGB2987_SGB3969	NA
GGB3032_SGB4027	NA
GGB79118_SGB105839	NA
Blautia_hydrogenotrophica	occasional transmitter
GGB12788_SGB19838	NA
GGB9595_SGB15019	NA
GGB9593_SGB15015	NA
Atopobium_sp_oral_taxon_416	NA
Clostridiaceae_unclassified_SGB4771	NA
Klebsiella_grimontii	NA
Porphyromonas_asaccharolytica	non-transmitter
Slackia_isoflavoniconvertens	NA
Oribacterium_sinus	transmitter
Candidatus_Saccharibacteria_bacterium_oral_taxon_955	NA
Actinomyces_dentalis	NA
GGB9522_SGB14921	NA
Pseudoramibacter_alactolyticus	predominantly oral
Tyzzerella_nexilis	NA
Lacticaseibacillus_paracasei	NA
GGB3321_SGB4395	NA
GGB9636_SGB15107	NA
GGB9775_SGB15395	NA
Peptidiphaga_SGB15895	NA
Parabacteroides_sp_AGMB00274	NA
Enterobacter_hormaechei	NA
Christensenella_intestinihominis	NA
Candida_glabrata	NA
Megasphaera_sp_AM44_1BH	NA
Schaalia_turicensis	NA
Anaerovorax_odorimutans	NA
GGB3486_SGB4658	NA
Prevotella_marseillensis	NA
GGB9501_SGB14898	NA
Gehongia_tenuis	NA
Candidatus_Nanosynbacter_lyticus	NA
Lachnospiraceae_bacterium	NA
Blautia_producta	NA
Catenibacterium_tridentinum	NA
Schaalia_cardiffensis	NA
GGB9635_SGB15103	NA
Bifidobacterium_pseudocatenulatum	predominantly fecal
Oxalobacter_formigenes	NA
Hungatella_hathewayi	NA
GGB3510_SGB4687	NA
GGB3740_SGB5076	NA
Clostridiaceae_bacterium_Marseille_Q4149	NA
GGB9767_SGB15385	NA
Sutterella_SGB9281	NA
Klebsiella_variicola	NA
GGB2983_SGB3965	NA
GGB1663_SGB2279	NA
Pseudoflavonifractor_capillosus	predominantly fecal
Lachnospiraceae_bacterium_CLA_AA_H215	NA
Faecalicatena_fissicatena	NA
Faecalibacterium_SGB15346	NA
Clostridiales_bacterium	NA
Enterocloster_aldenensis	NA
Sutterella_wadsworthensis	predominantly fecal
GGB9237_SGB14179	NA
Bacteroides_stercoris	predominantly fecal
Vescimonas_SGB15087	NA
Eubacterium_tenue	NA
Solobacterium_moorei	transmitter
Adlercreutzia_equolifaciens	NA
Eubacteriaceae_bacterium_Marseille_Q4139	NA
Turicibacter_bilis	NA
Ruthenibacterium_lactatiformans	NA
Anaerobutyricum_hallii	NA
Roseburia_lenta	NA
Actinomyces_massiliensis	NA
GGB2958_SGB3940	NA
GGB4277_SGB5832	NA
GGB12794_SGB19881	NA
Lactobacillus_johnsonii	NA
Provencibacterium_massiliense	NA
Butyricimonas_synergistica	NA
Jutongia_hominis	NA
Clostridium_sp_AF12_28	NA
Alistipes_dispar	NA
Parasutterella_excrementihominis	NA
Anaerotruncus_colihominis	predominantly fecal
Roseburia_sp_AM23_20	NA
Bacteroides_sp_AF16_49	NA
Clostridiaceae_unclassified_SGB15090	NA
Oscillospiraceae_bacterium_Marseille_Q3528	NA
Gemmiger_SGB15295	NA
Lentihominibacter_SGB71368	NA
Ruminococcus_gauvreauii	NA
Clostridium_symbiosum	occasional transmitter
GGB9290_SGB14247	NA
Enterocloster_bolteae	NA
Ruminococcus_lactaris	predominantly fecal
Solobacterium_SGB6834	NA
GGB1096_SGB1408	NA
GGB1331_SGB1788	NA
Ezakiella_coagulans	NA
Prevotella_sp_Marseille_P4119	NA
Clostridium_baratii	NA
GGB9061_SGB13979	NA
GGB9252_SGB14196	NA
GGB34228_SGB53814	NA
GGB3576_SGB4784	NA
GGB3737_SGB5071	NA
GGB3738_SGB5072	NA
GGB9580_SGB14998	NA
Porphyromonas_SGB1983	NA
Veillonellaceae_bacterium_DNF00626	NA
Fusobacterium_SGB6028	NA
GGB3731_SGB5063	NA
Acidaminococcus_provencensis	NA
Anaerostipes_rhamnosivorans	NA
Atopobium_deltae	NA
Bacteroides_cutis	NA
Coriobacteriaceae_unclassified_SGB961	NA
Dysosmobacter_sp_Marseille_Q4140	NA
Eubacterium_minutum	NA
GGB1554_SGB2141	NA
GGB3287_SGB4341	NA
GGB3593_SGB4817	NA
GGB3678_SGB4991	NA
GGB4597_SGB6359	NA
GGB4604_SGB6371	NA
GGB4659_SGB6447	NA
GGB51139_SGB71360	NA
GGB6512_SGB9197	NA
GGB71270_SGB97344	NA
GGB9620_SGB15068	NA
GGB9710_SGB15239	NA
GGB9835_SGB15485	NA
Gallibacter_intestinalis	NA
Gemmiger_sp_An87	NA
Lachnospira_SGB5083	NA
Megasphaera_stantonii	NA
Methanobrevibacter_oralis	NA
Oribacterium_sp_oral_taxon_102	NA
Peptostreptococcus_sp_MV1	NA
Plesiomonas_shigelloides	NA
Prevotella_SGB1672	NA
Sarcina_ventriculi	NA
Weissella_viridescens	NA
Yanshouia_hominis	NA
GGB9075_SGB13997	NA
Candidatus_Borkfalkia_ceftriaxoniphila	NA
Bacteroides_sp_OF04_15BH	NA
Peptoniphilus_coxii	NA
Collinsella_sp_AF08_23	NA
GGB3534_SGB4722	NA
Merdibacter_massiliensis	NA
Mobiluncus_SGB15488	NA
GGB9365_SGB14341	NA
Arachnia_rubra	NA
Coprobacter_fastidiosus	NA
GGB47687_SGB2286	NA
GGB9614_SGB15049	NA
Ruminococcus_bromii	occasional transmitter
GGB3352_SGB4436	NA
Clostridium_SGB4909	NA
GGB9189_SGB14128	NA
Arachnia_SGB15899	NA
GGB9059_SGB13976	NA
GGB9537_SGB14940	NA
Blautia_obeum	NA
GGB9545_SGB14952	NA
Granulicatella_SGB8239	NA
Bacteroides_faecalis	NA
GGB3124_SGB4136	NA
Pyramidobacter_porci	NA
Clostridium_sp_AM42_4	NA
Enterocloster_clostridioformis	NA
Luoshenia_tenuis	NA
Lachnoanaerobaculum_sp_ICM7	NA
Baileyella_intestinalis	NA
Intestinibacillus_massiliensis	NA
Bulleidia_extructa	non-transmitter
Hydrogeniiclostridium_mannosilyticum	NA
GGB3005_SGB3996	NA
GGB3304_SGB4365	NA
Propionibacterium_acidifaciens	NA
GGB45495_SGB63167	NA
GGB9524_SGB14923	NA
Firmicutes_bacterium	NA
Eggerthellaceae_bacterium_SWB101512	NA
Lachnospiraceae_bacterium_CLA_AA_H244	NA
Fusicatenibacter_sp_CLA_AA_H277	NA
GGB52106_SGB72838	NA
Methanobrevibacter_smithii	predominantly fecal
GGB36331_SGB15121	NA
Alistipes_SGB2300	NA
GGB3730_SGB5060	NA
Candidatus_Nanosynbacter_SGB19893	NA
GGB3818_SGB5183	NA
GGB9444_SGB14834	NA
Enterobacter_ludwigii	NA
Alistipes_ihumii	NA
Eubacteriaceae_bacterium	NA
Veillonella_rogosae	NA
Lachnoclostridium_pacaense	NA
Clostridium_sp_AF36_4	NA
Bacteroides_xylanisolvens	occasional transmitter
GGB9534_SGB14937	NA
Clostridium_SGB6177	NA
Parabacteroides_faecis	NA
GGB9770_SGB15389	NA
GGB3000_SGB3991	NA
Alistipes_finegoldii	NA
Youxingia_wuxianensis	NA
GGB9512_SGB14909	NA
Schaalia_SGB17153	NA
GGB9699_SGB15216	NA
GGB74505_SGB47518	NA
Desulfovibrio_piger	predominantly fecal
Faecalibacillus_faecis	NA
GGB4684_SGB6478	NA
GGB9642_SGB15119	NA
Hydrogenoanaerobacterium_saccharovorans	NA
Lachnospiraceae_bacterium_OM04_12BH	NA
Mogibacterium_pumilum	NA
Lawsonibacter_hominis	NA
GGB3385_SGB4472	NA
Eggerthella_sinensis	NA
Fumia_xinanensis	NA
Enterococcus_casseliflavus	NA
Clostridium_sp_AF32_12BH	NA
Longibaculum_muris	NA
Enterocloster_hominis	NA
GGB3819_SGB5184	NA
GGB3632_SGB4921	NA
Citrobacter_braakii	NA
GGB12761_SGB19791	NA
Prevotella_corporis	NA
Bacteroides_oleiciplenus	NA
Blautia_sp_OF03_15BH	NA
Blautia_SGB4815	NA
Lawsonibacter_faecis	NA
Clostridium_SGB47280	NA
GGB3817_SGB5182	NA
Anaerococcus_obesiensis	NA
GGB9712_SGB15244	NA
Akkermansia_muciniphila	predominantly fecal
GGB9819_SGB15460	NA
GGB9509_SGB14906	NA
GGB9788_SGB15411	NA
GGB3175_SGB4191	NA
Veillonella_tobetsuensis	NA
Solobacterium_SGB6833	NA
Phocaeicola_massiliensis	NA
Arachnia_propionica	NA
GGB6574_SGB9290	NA
GGB41458_SGB58520	NA
Intestinibacter_bartlettii	NA
Clostridiaceae_bacterium_Marseille_Q4143	NA
Intestinimonas_sp_MSJ_38	NA
Gordonibacter_sp_28C	NA
Gemmiger_formicilis	NA
GGB9524_SGB14924	NA
Finegoldia_magna	NA
Olsenella_phocaeensis	NA
Dysosmobacter_welbionis	NA
Faecalitalea_cylindroides	NA
GGB3385_SGB4471	NA
Coprococcus_comes	occasional transmitter
GGB58485_SGB80143	NA
Neglectibacter_timonensis	NA
GGB33512_SGB15201	NA
Alistipes_senegalensis	NA
GGB9697_SGB15213	NA
GGB53380_SGB74412	NA
Eubacterium_siraeum	predominantly fecal
Jilunia_laotingensis	NA
Christensenellaceae_bacterium	NA
Alistipes_timonensis	NA
Streptococcus_rubneri	NA
Diplocloster_agilis	NA
Candidatus_Nanoperiomorbus_periodonticus	NA
Lactiplantibacillus_plantarum	NA
Coprobacillus_sp_AF33_1AC	NA
Clostridium_SGB6176	NA
Alistipes_communis	NA
Lentihominibacter_faecis	NA
Clostridium_sp_AM29_11AC	NA
Cardiobacterium_hominis	predominantly oral
Clostridiales_bacterium_S5_A14a	NA
GGB4644_SGB6428	NA
GGB2996_SGB3983	NA
GGB9619_SGB15066	NA
GGB9634_SGB15101	NA
GGB2970_SGB3952	NA
GGB51269_SGB5061	NA
Robinsoniella_peoriensis	NA
Veillonella_dispar	transmitter
Clostridium_sp_C5_48	NA
GGB1148_SGB1475	NA
GGB1093_SGB1404	NA
GGB4642_SGB6422	NA
Lachnoanaerobaculum_orale	NA
GGB10692_SGB17347	NA
Murimonas_intestini	NA
TM7_phylum_sp_oral_taxon_351	NA
Kineothrix_SGB4886	NA
GGB9453_SGB14845	NA
GGB3887_SGB5270	NA
GGB45656_SGB63370	NA
GGB9640_SGB15115	NA
Comamonas_denitrificans	NA
GGB1331_SGB1787	NA
GGB3883_SGB5266	NA
Butyricicoccus_faecihominis	NA
GGB9453_SGB14844	NA
Raoultella_ornithinolytica	NA
Citrobacter_sp_Res13_Sevr_PEB04_36	NA
GGB9297_SGB14255	NA
Turicibacter_sp_TJ11	NA
Campylobacter_hominis	predominantly fecal
GGB4559_SGB6293	NA
Levilactobacillus_brevis	NA
Citrobacter_sp_ku_bf4	NA
Coprococcus_sp_OM04_5BH	NA
Culturomica_massiliensis	NA
Dialister_micraerophilus	NA
Enterobacter_soli	NA
GGB1215_SGB1581	NA
GGB2732_SGB58358	NA
GGB4257_SGB5789	NA
GGB4579_SGB6329	NA
GGB51109_SGB71325	NA
GGB73496_SGB47079	NA
GGB9357_SGB14330	NA
Pediococcus_acidilactici	NA
Phocaeicola_abscessus	NA
Porphyromonas_SGB1982	NA
Acidovorax_temperans	NA
Actinomyces_sp_HMSC065F12	NA
Actinomyces_timonensis	NA
Aeromonas_caviae	NA
Alistipes_SGB2313	NA
Arcanobacterium_urinimassiliense	NA
Atlantibacter_hermannii	NA
Bacteroides_acidifaciens	NA
Bacteroides_sp_AF39_11AC	NA
Bacteroides_togonis	NA
Bifidobacterium_catenulatum	NA
Blautia_SGB4833	NA
Brucella_anthropi	NA
Butyricicoccus_porcorum	NA
Campylobacter_SGB19301	NA
Candidatus_Saccharibacteria_unclassified_SGB95710	NA
Cetobacterium_somerae	NA
Clostridiales_bacterium_CHKCI006	NA
Clostridium_butyricum	predominantly fecal
Clostridium_sartagoforme	NA
Collinsella_SGB14745	NA
Comamonas_koreensis	NA
Corynebacterium_accolens	NA
Corynebacterium_pseudogenitalium	NA
Delftia_acidovorans	NA
Enterococcus_cecorum	NA
GGB1239_SGB1657	NA
GGB1380_SGB1883	NA
GGB1420_SGB1957	NA
GGB1497_SGB2076	NA
GGB1538_SGB2121	NA
GGB1630_SGB2238	NA
GGB2945_SGB3917	NA
GGB3003_SGB3994	NA
GGB3126_SGB4139	NA
GGB31460_SGB6499	NA
GGB3281_SGB4335	NA
GGB33247_SGB47403	NA
GGB3328_SGB4406	NA
GGB3340_SGB4419	NA
GGB45640_SGB72681	NA
GGB4586_SGB6344	NA
GGB4611_SGB6385	NA
GGB4664_SGB6452	NA
GGB4703_SGB6510	NA
GGB47174_SGB65105	NA
GGB4722_SGB6538	NA
GGB52002_SGB72669	NA
GGB52379_SGB73188	NA
GGB6123_SGB8768	NA
GGB6529_SGB9222	NA
GGB6610_SGB9344	NA
GGB70869_SGB2145	NA
GGB8965_SGB13825	NA
GGB9109_SGB14042	NA
GGB9264_SGB14212	NA
GGB9474_SGB14868	NA
GGB9499_SGB72735	NA
GGB9508_SGB14905	NA
GGB9542_SGB14947	NA
GGB9548_SGB14955	NA
GGB9621_SGB15072	NA
GGB9623_SGB15075	NA
Gemella_SGB7291	NA
Gemmiger_SGB72777	NA
Kluyvera_intermedia	NA
Lachnoclostridium_sp_An118	NA
Lachnoclostridium_sp_An14	NA
Lacticaseibacillus_zeae	NA
Ligilactobacillus_murinus	NA
Lysinibacillus_capsici	NA
Mailhella_massiliensis	NA
Mediterraneibacter_SGB4598	NA
Mitsuokella_jalaludinii	NA
Niameybacter_massiliensis	NA
Oscillospiraceae_unclassified_SGB15257	NA
Paracoccus_SGB99491	NA
Phytobacter_diazotrophicus	NA
Phytobacter_massiliensis	NA
Pluralibacter_gergoviae	NA
Prevotella_bergensis	occasional transmitter
Prevotella_intermedia	NA
Prevotella_oralis	occasional transmitter
Providencia_alcalifaciens	NA
Providencia_stuartii	NA
Pseudoflavonifractor_sp_MSJ_37	NA
Qingrenia_yutianensis	NA
Selenomonas_SGB5880	NA
Staphylococcus_epidermidis	NA
Streptococcus_parauberis	NA
Succinatimonas_hippei	NA
GGB9523_SGB14922	NA
Obesumbacterium_proteus	NA
Christensenella_sp_Marseille_P3954	NA
Enorma_phocaeensis	NA
Varibaculum_cambriense	NA
Anaerococcus_murdochii	NA
Bifidobacterium_pullorum	NA
Clostridium_neonatale	NA
GGB2657_SGB3578	NA
GGB6554_SGB9256	NA
Sutterella_massiliensis	NA
GGB39037_SGB4393	NA
GGB51269_SGB5062	NA
Streptococcus_thermophilus	transmitter
Paratractidigestivibacter_faecalis	NA
GGB1627_SGB2230	NA
Clostridium_sp_AM58_1XD	NA
Clostridium_sp_chh4_2	NA
Dialister_SGB5817	NA
Porphyromonas_SGB1984	NA
GGB33512_SGB15202	NA
GGB9525_SGB14925	NA
GGB1266_SGB1699	NA
Prevotellamassilia_timonensis	NA
Lacticaseibacillus_rhamnosus	NA
Fenollaria_massiliensis	NA
Holdemania_filiformis	predominantly fecal
Bacteroides_clarus	predominantly fecal
Collinsella_intestinalis	predominantly fecal
Enterobacter_kobei	NA
GGB3490_SGB4664	NA
Bariatricus_massiliensis	NA
Clostridium_scindens	predominantly fecal
Eisenbergiella_sp_OF01_20	NA
Gardnerella_vaginalis	NA
Blautia_luti	NA
Paraprevotella_xylaniphila	predominantly fecal
GGB36267_SGB14177	NA
GGB9730_SGB15291	NA
GGB32387_SGB47381	NA
Lachnoclostridium_phocaeense	NA
Dielma_fastidiosa	NA
Eisenbergiella_massiliensis	NA
GGB9608_SGB15041	NA
TM7_phylum_sp_oral_taxon_348	NA
Romboutsia_timonensis	NA
Dialister_succinatiphilus	NA
Dialister_pneumosintes	NA
Sutterella_sp_AM11_39	NA
Massiliimalia_massiliensis	NA
Parabacteroides_gordonii	NA
Neobittarella_massiliensis	NA
Negativibacillus_massiliensis	NA
GGB3429_SGB71704	NA
GGB4964_SGB6927	NA
GGB45491_SGB63163	NA
Oscillospiraceae_bacterium_CLA_AA_H250	NA
GGB9646_SGB15123	NA
Barnesiella_intestinihominis	NA
GGB9350_SGB14317	NA
Actinomyces_naeslundii	NA
Intestinimonas_massiliensis	NA
GGB38239_SGB47716	NA
Clostridium_saccharogumia	NA
Paeniclostridium_sordellii	NA
Weissella_paramesenteroides	NA
GGB9690_SGB15196	NA
Leclercia_adecarboxylata	NA
Bifidobacterium_longum	non-transmitter
Ruminococcus_callidus	NA
Mediterraneibacter_faecis	NA
GGB1543_SGB2126	NA
GGB9533_SGB14936	NA
GGB9715_SGB15266	NA
Clostridium_disporicum	NA
Anaerostipes_caccae	predominantly fecal
Roseburia_hominis	occasional transmitter
Fructilactobacillus_sanfranciscensis	NA
GGB33586_SGB53517	NA
Feifania_hominis	NA
GGB12789_SGB19843	NA
Clostridium_SGB48024	NA
Lawsonella_SGB3665	NA
Candidatus_Saccharibacteria_unclassified_SGB19847	NA
Clostridium_celatum	NA
GGB33469_SGB15236	NA
Prevotella_timonensis	predominantly fecal
GGB9616_SGB15052	NA
Faecalibacterium_sp_CLA_AA_H233	NA
Blautia_glucerasea	NA
Clostridiaceae_bacterium_Marseille_Q4145	NA
GGB3256_SGB4303	NA
Peptidiphaga_gingivicola	NA
GGB3626_SGB4905	NA
Parasutterella_SGB9260	NA
Bacteroides_faecis	NA
GGB9618_SGB15065	NA
Faecalicatena_contorta	NA
Clostridium_hylemonae	predominantly fecal
GGB9491_SGB14888	NA
GGB3321_SGB4394	NA
Cuneatibacter_caecimuris	NA
GGB4604_SGB6369	NA
Cloacibacillus_evryensis	NA
GGB3616_SGB4888	NA
GGB12785_SGB19825	NA
Lachnotalea_sp_AF33_28	NA
GGB3740_SGB5077	NA
Raoultibacter_massiliensis	NA
Oribacterium_SGB5283	NA
Comamonas_kerstersii	NA
Eubacterium_maltosivorans	NA
Phocea_massiliensis	NA
GGB4456_SGB6141	NA
Corynebacterium_argentoratense	NA
Mediterraneibacter_butyricigenes	NA
Amedibacillus_dolichus	NA
GGB51959_SGB72479	NA
Blautia_faecis	NA
Candida_albicans	NA
Monoglobus_pectinilyticus	NA
GGB9787_SGB15410	NA
Clostridium_sp_Marseille_P3244	NA
Parabacteroides_goldsteinii	NA
Prevotella_colorans	NA
Gemella_SGB7293	NA
GGB74463_SGB54347	NA
Bifidobacterium_bifidum	predominantly fecal
Anaeromassilibacillus_senegalensis	NA
Candidatus_Nanosynbacter_SGB19887	NA
GGB4596_SGB6358	NA
Weissella_cibaria	NA
Clostridiaceae_bacterium_Marseille_Q3526	NA
Jutongia_huaianensis	NA
Oliverpabstia_intestinalis	NA
GGB9597_SGB15022	NA
GGB2653_SGB3574	NA
Butyricimonas_faecihominis	NA
GGB3892_SGB5290	NA
GGB51884_SGB49168	NA
Butyricimonas_virosa	NA
Allisonella_histaminiformans	NA
Christensenella_timonensis	NA
Bacteroides_caccae	predominantly fecal
Mogibacterium_kristiansenii	NA
GGB9347_SGB14313	NA
Kluyvera_sichuanensis	NA
Porphyromonas_uenonis	predominantly fecal
GGB3548_SGB4744	NA
Ruminococcus_sp_AF13_28	NA
GGB4603_SGB6367	NA
GGB3061_SGB4063	NA
Streptococcus_infantarius	transmitter
Erysipelatoclostridium_SGB66626	NA
Tyzzerella_SGB4587	NA
Hydrogenoanaerobacterium_SGB53821	NA
Parabacteroides_johnsonii	NA
Eubacterium_sp_OM08_24	NA
GGB3288_SGB4342	NA
Phocaeicola_coprophilus	NA
Clostridiaceae_bacterium_AF18_31LB	NA
GGB9561_SGB14972	NA
Actinomyces_sp_HMT897	NA
Holdemania_massiliensis	NA
Butyricicoccus_SGB14985	NA
Enterococcus_durans	NA
GGB9701_SGB15218	NA
GGB9296_SGB14253	NA
GGB9737_SGB15309	NA
Enterococcus_sp_MJM12	NA
GGB34797_SGB14321	NA
GGB4567_SGB6307	NA
Peptidiphaga_SGB69229	NA
Terrisporobacter_mayombei	NA
Prevotella_disiens	occasional transmitter
GGB6606_SGB9340	NA
Blautia_sp_An249	NA
Oscillibacter_sp_PC13	NA
Eggerthella_guodeyinii	NA
Actinomyces_graevenitzii	NA
Ruminococcus_sp_AF41_9	NA
GGB9176_SGB14114	NA
Marseilla_massiliensis	NA
bacterium_210917_SL_2_15	NA
GGB3052_SGB4053	NA
Clostridiales_bacterium_KA00274	NA
Clostridium_porci	NA
GGB36331_SGB63183	NA
GGB45497_SGB63169	NA
GGB9266_SGB14215	NA
GGB9712_SGB15241	NA
GGB9832_SGB15478	NA
Lachnoclostridium_edouardi	NA
Lactobacillus_kitasatonis	NA
Prevotella_buccae	occasional transmitter
GGB9762_SGB15377	NA
Qiania_dongpingensis	NA
Mediterraneibacter_SGB48424	NA
GGB3277_SGB4327	NA
GGB1689_SGB2321	NA
GGB2734_SGB3677	NA
GGB4260_SGB5794	NA
Pediococcus_pentosaceus	NA
Prevotella_dentalis	occasional transmitter
Drancourtella_SGB106018	NA
GGB4676_SGB6465	NA
GGB4884_SGB6823	NA
GGB49434_SGB69353	NA
GGB9225_SGB14166	NA
Porphyromonas_SGB1979	NA
Streptococcus_agalactiae	NA
Victivallis_vadensis	NA
GGB3306_SGB4373	NA
GGB9575_SGB14988	NA
Lactobacillus_acidophilus	NA
Massilicoli_timonensis	NA
GGB9719_SGB15273	NA
Megasphaera_elsdenii	predominantly fecal
Veillonella_atypica	transmitter
GGB55957_SGB77276	NA
GGB51441_SGB71759	NA
Frisingicoccus_caecimuris	NA
GGB4605_SGB6376	NA
GGB3304_SGB4367	NA
GGB9765_SGB15382	NA
GGB3588_SGB4808	NA
Slackia_equolifaciens	NA
Paraeggerthella_hongkongensis	NA
Mediterraneibacter_glycyrrhizinilyticus	NA
GGB45613_SGB63326	NA
GGB9602_SGB15031	NA
Pseudoflavonifractor_gallinarum	NA
GGB9781_SGB66170	NA
Eubacterium_limosum	predominantly fecal
GGB9186_SGB14125	NA
Mesosutterella_multiformis	NA
Christensenella_hongkongensis	NA
Clostridium_SGB6173	NA
Enterococcus_gallinarum	NA
Lactococcus_lactis	occasional transmitter
Fusobacterium_periodonticum	NA
GGB3612_SGB4882	NA
Candidatus_Saccharibacteria_bacterium_oral_taxon_488	NA
GGB3109_SGB4119	NA
Faecalimonas_umbilicata	NA
GGB58233_SGB79883	NA
Ligaoa_zhengdingensis	NA
GGB9293_SGB14250	NA
Alistipes_onderdonkii	NA
Enterocloster_asparagiformis	NA
GGB3109_SGB4121	NA
Haemophilus_sputorum	NA
Simiaoa_sunii	NA
Bianquea_renquensis	NA
Slackia_SGB14780	NA
Parabacteroides_bouchesdurhonensis	NA
Clostridioides_difficile	NA
GGB3345_SGB4425	NA
Gordonibacter_urolithinfaciens	NA
GGB1549_SGB2133	NA
Peptostreptococcus_anaerobius	NA
Longicatena_caecimuris	NA
GGB9786_SGB15409	NA
Adlercreutzia_sp_JBNU_10	NA
GGB3353_SGB4437	NA
GGB45656_SGB72339	NA
GGB58158_SGB79798	NA
Cuneatibacter_sp_NSJ_177	NA
Alistipes_shahii	non-transmitter
Faecalibacterium_sp_HTFF	NA
Alistipes_indistinctus	NA
Oscillospiraceae_bacterium	NA
Victivallis_lenta	NA
GGB3351_SGB4434	NA
GGB33469_SGB15237	NA
Lawsonella_clevelandensis	NA
GGB9301_SGB14262	NA
GGB9767_SGB15384	NA
Acinetobacter_johnsonii	NA
Enterococcus_hirae	NA
Merdimonas_faecis	NA
GGB4604_SGB6370	NA
GGB9694_SGB15204	NA
GGB1496_SGB2073	NA
GGB4717_SGB6533	NA
GGB9603_SGB15035	NA
Citrobacter_koseri	NA
Hafnia_paralvei	NA
Phascolarctobacterium_SGB5790	NA
GGB31234_SGB14869	NA
GGB38744_SGB14842	NA
Coprococcus_sp_AF21_14LB	NA
Anaerotignum_faecicola	NA
Eubacterium_sp_AF16_48	NA
Clostridium_spiroforme	predominantly fecal
Candidatus_Nanosynbacter_sp_HMT_352	NA
GGB9715_SGB15265	NA
Clostridium_leptum	predominantly fecal
Eggerthella_lenta	predominantly fecal
Massilistercora_timonensis	NA
GGB4549_SGB6271	NA
Parabacteroides_SGB1950	NA
GGB1146_SGB1472	NA
Actinomyces_bouchesdurhonensis	NA
Citrobacter_portucalensis	NA
Anaerofustis_stercorihominis	NA
Anaerofilum_hominis	NA
Bacteroides_fragilis	predominantly fecal
Prevotella_lascolaii	NA
Lachnospiraceae_bacterium_EP_SM_12S_S03	NA
GGB9527_SGB14927	NA
Raoultibacter_timonensis	NA
Flavonifractor_plautii	NA
Lachnoclostridium_sp_An138	NA
GGB4552_SGB6276	NA
GGB9364_SGB14339	NA
GGB4386_SGB6036	NA
Mediterraneibacter_sp_NSJ_151	NA
Saccharomyces_cerevisiae	NA
Wujia_chipingensis	NA
Coprococcus_SGB106014	NA
Enterococcus_asini	NA
GGB87445_SGB15180	NA
Lachnospiraceae_bacterium_OF09_6	NA
GGB9239_SGB14181	NA
Phascolarctobacterium_sp_ET69	NA
GGB3033_SGB4029	NA
GGB9784_SGB15407	NA
Gordonibacter_massiliensis	NA
GGB9062_SGB13981	NA
GGB9691_SGB15198	NA
Oxalobacter_SGB9385	NA
Wansuia_hejianensis	NA
Bianquea_SGB71281	NA
GGB6649_SGB9391	NA
Lactobacillus_timonensis	NA
Butyricicoccus_SGB14990	NA
GGB9545_SGB14951	NA
Clostridium_transplantifaecale	NA
Blautia_schinkii	NA
GGB9563_SGB14975	NA
Acidaminococcus_intestini	predominantly fecal
GGB9719_SGB15272	NA
Sellimonas_intestinalis	NA
GGB9529_SGB14929	NA
Arachnia_SGB15898	NA
Klebsiella_michiganensis	NA
Christensenella_sp_NSJ_35	NA
Bifidobacterium_breve	non-transmitter
Evtepia_gabavorous	NA
GGB12785_SGB19827	NA
GGB4583_SGB6334	NA
Vescimonas_fastidiosa	NA
Oscillibacter_sp_ER4	NA
Morganella_morganii	NA
Butyricimonas_faecalis	NA
GGB96534_SGB136060	NA
Alistipes_provencensis	NA
GGB9359_SGB14334	NA
Blautia_faecicola	NA
Holdemania_sp_1001095H_141210_F2	NA
Zhenpiania_hominis	NA
Kluyvera_ascorbata	NA
Fusobacterium_varium	NA
Klebsiella_oxytoca	NA
Prevotella_bivia	occasional transmitter
Yeguia_hominis	NA
Roseburia_SGB4939	NA
Enterobacter_asburiae	NA
Eubacterium_sp_AF34_35BH	NA
Faecalicoccus_pleomorphus	NA
GGB4584_SGB6338	NA
GGB2652_SGB3573	NA
Christensenella_minuta	NA
Leuconostoc_citreum	non-transmitter
Oscillospiraceae_unclassified_SGB15256	NA
Clostridium_sp_D5	NA
Clostridium_cuniculi	NA
Escherichia_coli	non-transmitter
GGB9345_SGB14311	NA
GGB9781_SGB15402	NA
Coprococcus_catus	predominantly fecal
Ruminococcus_SGB4421	NA
GGB3619_SGB4894	NA
TM7_phylum_sp_oral_taxon_349	NA
Alistipes_sp_AF17_16	NA
TM7_phylum_sp_oral_taxon_352	NA
Lactobacillus_delbrueckii	NA
Parabacteroides_sp_TM07_1AC	NA
Eisenbergiella_tayi	NA
GGB9424_SGB14794	NA
Eubacteriales_bacterium	NA
Eubacterium_sulci	NA
GGB4585_SGB6340	NA
Paraprevotella_clara	NA
Ruminococcus_gnavus	predominantly fecal
Blautia_massiliensis	NA
Alistipes_putredinis	predominantly fecal
Butyricimonas_paravirosa	NA
Lactonifactor_longoviformis	NA
Phocaeicola_plebeius	NA
GGB9302_SGB14263	NA
GGB4683_SGB6473	NA
GGB9480_SGB14874	NA
GGB3433_SGB4573	NA
Collinsella_tanakaei	NA
Anaerotruncus_rubiinfantis	NA
Actinomyces_johnsonii	NA
Odoribacter_splanchnicus	predominantly fecal
Fusobacterium_ulcerans	NA
GGB9790_SGB15413	NA
Dorea_formicigenerans	predominantly fecal
Coprococcus_eutactus	predominantly fecal
Gordonibacter_pamelaeae	NA
Lactococcus_petauri	NA
GGB9634_SGB15093	NA
GGB2980_SGB3962	NA
Phocaeicola_coprocola	NA
Oscillospiraceae_unclassified_SGB15252	NA
GGB2977_SGB3959	NA
Bifidobacterium_animalis	NA
GGB9531_SGB14932	NA
GGB3278_SGB4328	NA
Desulfovibrio_desulfuricans	NA
Intestinimonas_butyriciproducens	NA
Massilimicrobiota_timonensis	NA
Oscillibacter_sp_MSJ_31	NA
Bifidobacterium_adolescentis	non-transmitter
GGB9759_SGB15370	NA
bacterium_210917_DFI_7_65	NA
Bacteroides_eggerthii	predominantly fecal
GGB2982_SGB3964	NA
GGB9758_SGB15368	NA
Massiliimalia_timonensis	NA
Cloacibacillus_porcorum	NA
Lentihominibacter_hominis	NA
Megamonas_funiformis	NA
GGB9635_SGB15106	NA
Roseburia_sp_AF02_12	NA
GGB35068_SGB47850	NA
GGB9707_SGB15229	NA
GGB12785_SGB19823	NA
Intestinimonas_gabonensis	NA
Dorea_longicatena	predominantly fecal
Parabacteroides_merdae	predominantly fecal
Actinomyces_sp_oral_taxon_448	NA
Blautia_stercoris	NA
GGB34228_SGB72916	NA
GGB3034_SGB4030	NA
Lachnospiraceae_bacterium_oral_taxon_096	NA
GGB9747_SGB15356	NA
GGB9602_SGB15028	NA
GGB4578_SGB6328	NA
Parabacteroides_sp_N37	NA
GGB4566_SGB6305	NA
GGB2998_SGB3989	NA
GGB9502_SGB14899	NA
GGB4682_SGB6472	NA
GGB9724_SGB15278	NA
Erysipelatoclostridium_ramosum	NA
Dorea_phocaeensis	NA
GGB9063_SGB13982	NA
Lactococcus_garvieae	predominantly fecal
Peptoniphilus_harei	predominantly fecal
Diplocloster_modestus	NA
GGB9818_SGB15459	NA
Proteus_mirabilis	NA
GGB9616_SGB15051	NA
Anaerobutyricum_soehngenii	NA
Olsenella_timonensis	NA
GGB9469_SGB14863	NA
Ellagibacter_isourolithinifaciens	NA
Veillonella_denticariosi	NA
Congzhengia_minquanensis	NA
Pseudoruminococcus_massiliensis	NA
Pseudomonas_aeruginosa	NA
GGB3528_SGB4713	NA
Eubacteriales_unclassified_SGB15148	NA
GGB12786_SGB19828	NA
Peptoniphilus_duerdenii	NA
Slackia_piriformis	NA
GGB3491_SGB4665	NA
Sutterella_SGB9293	NA
GGB9760_SGB15373	NA
Actinomyces_sp_ICM47	NA
GGB3511_SGB4688	NA
Emergencia_timonensis	NA
Coprobacter_secundus	NA
Neisseria_subflava	predominantly oral
Phocaeicola_faecicola	NA
Ligilactobacillus_ruminis	NA
Lachnospiraceae_bacterium_NSJ_143	NA
GGB6648_SGB9389	NA
GGB9457_SGB14849	NA
Parasutterella_secunda	NA
Blautia_marasmi	NA
Alistipes_montrealensis	NA
Eubacterium_sp_c_25	NA
Fournierella_massiliensis	NA
Jingyaoa_shaoxingensis	NA
GGB13489_SGB15224	NA
Sanguibacteroides_justesenii	NA
Enterobacter_bugandensis	NA
Blautia_argi	NA
GGB28640_SGB4673	NA
GGB6470_SGB9153	NA
Clostridium_sp_Marseille_P2538	NA
Drancourtella_massiliensis	NA
Escherichia_marmotae	NA
GGB1691_SGB2323	NA
GGB3189_SGB4212	NA
GGB33512_SGB15203	NA
GGB34476_SGB65958	NA
GGB3538_SGB4728	NA
GGB58067_SGB79698	NA
GGB74511_SGB47635	NA
GGB9253_SGB14198	NA
Lactiplantibacillus_pentosus	NA
Pseudoflavonifractor_sp_AF19_9AC	NA
Ruminococcaceae_bacterium_Marseille_P2935	NA
Anaerococcus_lactolyticus	NA
Bacillus_sp_FJAT_27916	NA
Bacteroides_propionicigenes	NA
GGB1341_SGB1799	NA
GGB3429_SGB4569	NA
GGB34797_SGB14322	NA
GGB3883_SGB5265	NA
GGB42639_SGB59836	NA
GGB4699_SGB6503	NA
GGB9258_SGB14205	NA
GGB9291_SGB14248	NA
GGB9466_SGB14859	NA
GGB9634_SGB15097	NA
GGB9730_SGB15290	NA
GGB9774_SGB15394	NA
GGB9778_SGB15398	NA
Lactobacillus_iners	NA
Latilactobacillus_sakei	NA
Olsenella_SGB74421	NA
Proteus_penneri	NA
Providencia_rettgeri	NA
Psychrobacter_faecalis	NA
Raoultella_terrigena	NA
Romboutsia_sp_CE17	NA
Sneathia_vaginalis	NA
GGB9574_SGB14987	NA
Mitsuokella_multacida	predominantly fecal
Copranaerobaculum_intestinale	NA
GGB3677_SGB4990	NA
GGB9747_SGB15355	NA
Escherichia_fergusonii	NA
GGB3606_SGB4870	NA
Criibacterium_bergeronii	NA
GGB3057_SGB4059	NA
GGB3176_SGB4194	NA
GGB3446_SGB4597	NA
GGB3600_SGB4859	NA
GGB45596_SGB63306	NA
GGB9261_SGB14209	NA
Anaerosacchariphilus_sp_NSJ_68	NA
Roseburia_sp_BX1005	NA
Amedibacterium_intestinale	NA
Kluyvera_cryocrescens	NA
Candidatus_Saccharibacteria_unclassified_SGB19905	NA
Staphylococcus_aureus	NA
GGB9641_SGB15117	NA
GGB13404_SGB14252	NA
GGB6518_SGB9205	NA
GGB4723_SGB6540	NA
Enterobacter_mori	NA
GGB532_SGB711	NA
GGB9628_SGB15082	NA
Ruminococcus_bovis	NA
Streptococcus_gallolyticus	non-transmitter
Angelakisella_massiliensis	NA